<?xml version="1.0" encoding="UTF-8"?>
<project-private xmlns="http://www.netbeans.org/ns/project-private/1">
    <editor-bookmarks xmlns="http://www.netbeans.org/ns/editor-bookmarks/2" lastBookmarkId="0"/>
    <open-files xmlns="http://www.netbeans.org/ns/projectui-open-files/2">
        <group>
            <file>file:/E:/E-commerce_assignment2/public_html/signup.html</file>
            <file>file:/E:/E-commerce_assignment2/public_html/css/index.css</file>
            <file>file:/E:/E-commerce_assignment2/public_html/index.html</file>
            <file>file:/E:/E-commerce_assignment2/public_html/login.html</file>
            <file>file:/E:/E-commerce_assignment2/public_html/setting.html</file>
        </group>
    </open-files>
</project-private>
